source_id,source_type,competitor,url,date_accessed,credibility_score,recency_score,bias_score,triangulation_group,notes
S01,primary,Ironclad,https://ironcladapp.com,2026-10-04,,,
S02,primary,Evisort,https://evisort.com,2026-10-04,,,
S03,primary,ContractPodAi,https://contractpodai.com,2026-10-04,,,
S04,primary,Lexion,https://lexion.ai,2026-10-04,,,
S05,primary,Sirion,https://sirion.ai,2026-10-04,,,
S06,primary,LinkSquares,https://linksquares.com,2026-10-04,,,
S07,primary,DocuSign,https://docusign.com,2026-10-04,,,
S08,primary,PandaDoc,https://pandadoc.com,2026-10-04,,,
S09,primary,Gong,https://gong.io,2026-10-04,,,
S10,primary,Notion,https://notion.so,2026-10-04,,,
S11,primary,Linear,https://linear.app,2026-10-04,,,
S12,primary,Vercel,https://vercel.com,2026-10-04,,,
S13,primary,Stripe,https://stripe.com,2026-10-04,,,
S14,industry,G2_Legal_Tech,https://www.g2.com/categories/contract-lifecycle-management,2026-10-04,,,
S15,industry,Forrester_Wave_CLM,https://www.forrester.com/report/the-forrester-wave-contract-lifecycle-management/,2026-10-04,,,
S16,discussion,HN_Ironclad,https://news.ycombinator.com/item?id=...,2026-10-04,,,
S17,discussion,Reddit_LegalTech,https://www.reddit.com/r/LegalTech/,2026-10-04,,,